City_ID,City,Country,Lat,Lng,Max Temp,Humidity,Cloudiness,Wind Speed,Current Description 
0,Katsuura,JP,35.1333,140.3,75.24,92,100,14.27,light rain
1,Rikitea,PF,-23.1203,-134.9692,74.71,78,59,13.94,light rain
2,Ushuaia,AR,-54.8,-68.3,29.86,74,75,18.41,light snow
3,Tavda,RU,58.0425,65.2726,65.35,86,20,4.52,few clouds
4,Carnarvon,AU,-24.8667,113.6333,66.27,100,75,0.0,broken clouds
5,Kathmandu,NP,27.7167,85.3167,70.02,94,75,2.3,broken clouds
6,Barcelos,PT,41.5388,-8.6151,81.68,56,0,1.95,clear sky
7,Safranbolu,TR,41.2508,32.6942,64.83,97,85,2.08,light rain
8,Devils Lake,US,48.1128,-98.8651,84.31,58,0,18.41,clear sky
9,Georgetown,MY,5.4112,100.3354,84.13,92,20,3.44,moderate rain
10,Tasiilaq,GL,65.6145,-37.6368,46.56,80,99,2.17,overcast clouds
11,Katubao,PH,5.8892,124.8294,77.16,91,99,10.18,overcast clouds
12,Milkovo,RU,54.7167,158.6167,75.81,74,100,1.57,overcast clouds
13,Pangnirtung,CA,66.1451,-65.7125,48.47,69,74,4.09,broken clouds
14,Aklavik,CA,68.2191,-135.0107,59.0,88,100,10.36,haze
15,Hinton,CA,53.4001,-117.5857,69.66,33,100,8.21,overcast clouds
16,Provideniya,RU,64.3833,-173.3,49.05,91,100,8.99,overcast clouds
17,Busselton,AU,-33.65,115.3333,56.73,56,95,19.01,overcast clouds
18,Kaitangata,NZ,-46.2817,169.8464,35.47,83,57,4.52,broken clouds
19,Lorengau,PG,-2.0226,147.2712,81.61,80,95,11.61,overcast clouds
20,Yellowknife,CA,62.456,-114.3525,70.32,68,75,8.05,smoke
21,Lasa,IT,46.6166,10.7002,70.68,75,74,6.29,broken clouds
22,Albany,US,42.6001,-73.9662,81.52,40,2,4.7,clear sky
23,Arraial Do Cabo,BR,-22.9661,-42.0278,73.36,83,20,17.27,few clouds
24,Saint-Philippe,RE,-21.3585,55.7679,67.59,66,63,14.43,broken clouds
25,Cabatuan,PH,10.8794,122.486,76.1,91,100,9.6,overcast clouds
26,Hermanus,ZA,-34.4187,19.2345,57.79,80,1,8.63,clear sky
27,Hithadhoo,MV,-0.6,73.0833,82.24,76,36,6.22,scattered clouds
28,Kaputa,ZM,-8.4689,29.6619,65.5,60,11,1.14,few clouds
29,Oranjemund,NA,-28.55,16.4333,56.97,81,0,22.35,clear sky
30,Geraldton,AU,-28.7667,114.6,64.81,68,40,17.27,light intensity drizzle
31,Ribeira Grande,PT,38.5167,-28.7,68.4,73,40,14.97,scattered clouds
32,New Norfolk,AU,-42.7826,147.0587,44.1,87,13,2.51,few clouds
33,Avarua,CK,-21.2078,-159.775,75.25,60,79,11.5,broken clouds
34,Vaini,TO,-21.2,-175.2,75.36,78,40,9.22,scattered clouds
35,Naze,JP,28.3667,129.4833,81.52,91,10,9.28,clear sky
36,East London,ZA,-33.0153,27.9116,69.22,31,0,9.62,clear sky
37,Souillac,MU,-20.5167,57.5167,68.38,73,40,18.41,scattered clouds
38,Vostok,RU,46.4856,135.8833,62.37,88,88,2.8,overcast clouds
39,College,US,64.8569,-147.8028,69.75,60,75,6.91,smoke
40,Northam,GB,51.0333,-4.2167,65.39,77,0,6.71,clear sky
41,Mahebourg,MU,-20.4081,57.7,68.29,73,40,18.41,scattered clouds
42,Mogadishu,SO,2.0371,45.3438,75.56,81,33,20.2,light rain
43,Bredasdorp,ZA,-34.5322,20.0403,52.27,75,0,6.73,clear sky
44,Punta Arenas,CL,-53.15,-70.9167,32.11,64,20,6.91,few clouds
45,Kavaratti,IN,10.5669,72.642,81.19,82,96,21.09,overcast clouds
46,Cehal,RO,47.3833,22.6,63.21,62,27,3.58,scattered clouds
47,Atuona,PF,-9.8,-139.0333,77.95,77,31,19.3,scattered clouds
48,Gore,NZ,-46.1028,168.9436,32.09,90,30,1.54,scattered clouds
49,Bluff,NZ,-46.6,168.3333,34.81,74,49,3.98,scattered clouds
50,Qaanaaq,GL,77.484,-69.3632,44.46,73,53,2.3,broken clouds
51,Port-Gentil,GA,-0.7193,8.7815,73.36,88,100,9.22,overcast clouds
52,Ponta Do Sol,PT,32.6667,-17.1,74.03,76,4,1.95,clear sky
53,Puerto Ayora,EC,-0.7393,-90.3518,80.56,89,83,7.0,broken clouds
54,Port Alfred,ZA,-33.5906,26.891,68.81,35,0,12.62,clear sky
55,Hami,CN,42.8,93.45,81.66,17,91,15.9,overcast clouds
56,Half Moon Bay,US,37.4636,-122.4286,80.89,69,100,16.11,overcast clouds
57,Pangody,RU,65.85,74.4859,53.31,84,0,6.13,clear sky
58,Bethel,US,41.3712,-73.414,85.46,39,0,10.36,clear sky
59,Repatriacion,PY,-25.5333,-55.95,72.59,60,8,7.65,clear sky
60,Mataura,NZ,-46.1927,168.8643,34.48,90,49,1.95,scattered clouds
61,Cherskiy,RU,68.75,161.3,39.0,79,100,13.33,overcast clouds
62,Lagoa,PT,39.05,-27.9833,66.72,79,67,10.27,broken clouds
63,Tokur,RU,53.1333,132.9,60.91,98,100,1.79,light rain
64,Longyearbyen,SJ,78.2186,15.6401,42.64,75,75,12.66,broken clouds
65,Ken Caryl,US,39.5773,-105.1169,99.91,14,3,7.0,clear sky
66,Kapaa,US,22.0752,-159.319,80.92,83,100,13.8,moderate rain
67,Hilo,US,19.7297,-155.09,82.26,75,100,5.75,overcast clouds
68,Guerrero Negro,MX,27.9769,-114.0611,78.03,56,14,18.3,few clouds
69,Los Llanos De Aridane,ES,28.6585,-17.9182,69.55,83,0,18.41,clear sky
70,Tuktoyaktuk,CA,69.4541,-133.0374,50.0,93,100,8.05,mist
71,Kodiak,US,57.79,-152.4072,53.11,87,100,14.97,overcast clouds
72,Tongliao,CN,43.6125,122.2653,70.57,75,62,9.78,broken clouds
73,Manaure,CO,11.7751,-72.4445,90.05,54,37,17.2,scattered clouds
74,Presidencia Roque Saenz Pena,AR,-26.7852,-60.4388,85.75,28,52,9.71,broken clouds
75,San Patricio,US,28.017,-97.5169,101.12,34,15,15.57,few clouds
76,Makakilo City,US,21.3469,-158.0858,82.72,67,75,17.27,broken clouds
77,Chokurdakh,RU,70.6333,147.9167,52.88,45,34,6.33,scattered clouds
78,Boulsa,BF,12.6675,-0.5758,84.72,57,100,5.44,light rain
79,Iqaluit,CA,63.7506,-68.5145,40.73,86,40,10.36,scattered clouds
80,Moron,AR,-34.6534,-58.6198,64.99,90,98,8.16,overcast clouds
81,Gat,IL,31.61,34.7642,78.4,75,1,2.37,clear sky
82,Hobart,AU,-42.8794,147.3294,44.46,90,75,5.75,broken clouds
83,Karatuzskoye,RU,53.6072,92.8667,52.38,93,8,1.34,clear sky
84,Ust-Tsilma,RU,65.441,52.1498,57.34,66,77,2.48,broken clouds
85,Bathsheba,BB,13.2167,-59.5167,86.61,85,75,20.71,broken clouds
86,Butaritari,KI,3.0707,172.7902,81.52,79,44,12.55,scattered clouds
87,Dikson,RU,73.5069,80.5464,32.05,94,91,6.49,overcast clouds
88,Buraydah,SA,26.326,43.975,93.65,10,95,9.42,overcast clouds
89,Korla,CN,41.7597,86.1469,79.09,23,71,9.33,broken clouds
90,Muros,ES,42.7762,-9.0603,78.15,60,0,4.18,clear sky
91,Saint-Francois,FR,46.4154,3.9054,69.24,60,0,4.61,clear sky
92,Jamestown,US,42.097,-79.2353,80.53,50,0,12.66,clear sky
93,Ouargaye,BF,11.5033,0.0572,84.27,58,100,13.22,overcast clouds
94,Mecca,SA,21.4267,39.8261,89.15,20,89,2.59,overcast clouds
95,Uvira,CD,-3.4067,29.1458,73.11,68,38,0.67,scattered clouds
96,Alyangula,AU,-13.8483,136.4192,69.22,62,8,16.4,clear sky
97,Nikolskoye,RU,59.7035,30.7861,61.81,97,82,4.18,broken clouds
98,Zhigansk,RU,66.7697,123.3711,51.51,73,100,7.74,overcast clouds
99,Tezu,IN,27.9167,96.1667,76.77,90,43,3.36,scattered clouds
100,Clyde River,CA,70.4692,-68.5914,46.63,66,20,5.75,few clouds
101,Simao,CN,22.7886,100.9748,64.0,99,49,1.88,scattered clouds
102,Pisco,PE,-13.7,-76.2167,66.25,72,0,8.05,clear sky
103,Ulaanbaatar,MN,47.9077,106.8832,50.13,87,40,2.24,scattered clouds
104,Karangampel,ID,-6.4622,108.4519,74.62,75,5,5.48,clear sky
105,Derzhavinsk,KZ,51.1,66.3167,64.4,70,34,8.23,scattered clouds
106,Beni,CD,0.5,29.4667,65.3,68,37,1.88,scattered clouds
107,Mount Gambier,AU,-37.8333,140.7667,33.71,100,100,8.05,overcast clouds
108,Hidrolandia,BR,-4.4081,-40.4378,80.64,46,100,4.92,overcast clouds
109,Cidreira,BR,-30.1811,-50.2056,62.53,90,36,12.48,scattered clouds
110,Faya,SA,18.3851,42.4509,68.11,51,100,7.31,light rain
111,Lebu,CL,-37.6167,-73.65,48.07,91,100,10.07,overcast clouds
112,San Isidro,PE,-12.1167,-77.05,60.39,88,100,13.8,overcast clouds
113,San Cristobal,VE,7.7669,-72.225,84.38,56,35,5.77,scattered clouds
114,Tuatapere,NZ,-46.1333,167.6833,34.45,84,26,3.51,scattered clouds
115,Khatanga,RU,71.9667,102.5,46.38,93,100,0.4,overcast clouds
116,Zakamensk,RU,50.3741,103.2863,47.01,95,87,0.65,overcast clouds
117,Havelock,US,34.8791,-76.9013,88.05,84,20,9.22,few clouds
118,Lowestoft,GB,52.4752,1.7516,61.23,82,36,6.13,scattered clouds
119,Poum,NC,-20.2333,164.0167,77.7,85,91,20.87,light rain
120,Butler,US,39.4501,-84.5666,83.14,69,0,8.05,clear sky
121,Feira De Santana,BR,-12.2667,-38.9667,69.03,85,16,7.94,few clouds
122,Sao Mateus,BR,-18.7161,-39.8589,69.62,80,0,4.76,clear sky
123,Blairmore,CA,49.6,-114.4353,75.07,29,28,17.25,scattered clouds
124,Ormara,PK,25.2088,64.6357,82.58,85,68,7.05,broken clouds
125,Cape Town,ZA,-33.9258,18.4232,59.38,86,20,13.8,few clouds
126,Castro,BR,-24.7911,-50.0119,59.4,74,10,2.28,clear sky
127,Kokopo,PG,-4.352,152.2633,76.1,78,6,5.53,clear sky
128,Mandalgovi,MN,45.7625,106.2708,61.29,56,100,8.61,overcast clouds
129,Chuy,UY,-33.6971,-53.4616,60.4,93,69,10.65,broken clouds
130,Nome,US,64.5011,-165.4064,71.11,63,0,12.66,clear sky
131,Sabha,LY,27.0377,14.4283,93.09,16,5,7.4,clear sky
132,Codrington,AU,-38.2667,141.9667,41.77,96,4,9.46,clear sky
133,Thompson,CA,55.7435,-97.8558,73.56,64,75,9.22,broken clouds
134,Upernavik,GL,72.7868,-56.1549,39.69,84,4,9.24,clear sky
135,Itarema,BR,-2.9248,-39.9167,78.66,77,100,14.65,overcast clouds
136,Luanda,AO,-8.8368,13.2343,69.8,88,20,11.5,few clouds
137,Yulara,AU,-25.2406,130.9889,40.69,67,0,7.18,clear sky
138,Surab,PK,28.4914,66.2585,75.02,65,5,6.64,clear sky
139,Nokaneng,BW,-19.6667,22.2667,59.13,39,0,5.39,clear sky
140,Kiruna,SE,67.8557,20.2251,54.52,71,100,8.05,overcast clouds
141,Fukue,JP,32.6881,128.8419,78.13,87,4,7.7,clear sky
142,Mucuri,BR,-18.0864,-39.5508,72.46,77,0,7.72,clear sky
143,Okhotsk,RU,59.3833,143.3,62.91,69,80,3.29,broken clouds
144,Kruisfontein,ZA,-34.0033,24.7314,63.88,73,2,14.67,clear sky
145,La Cruz,MX,23.9167,-106.9,89.85,58,45,9.1,scattered clouds
146,Coihaique,CL,-45.5752,-72.0662,36.21,100,100,3.44,mist
147,Ahipara,NZ,-35.1667,173.1667,59.11,92,66,3.96,broken clouds
148,Pevek,RU,69.7008,170.3133,32.32,97,100,14.09,light snow
149,Barrow,US,71.2906,-156.7887,55.42,71,100,12.66,overcast clouds
150,Omsukchan,RU,62.5333,155.8,57.72,66,48,4.45,scattered clouds
151,Komsomolskiy,UZ,40.4272,71.7189,77.72,36,98,6.91,overcast clouds
152,Axim,GH,4.8699,-2.2405,76.24,85,66,8.9,broken clouds
153,Marawi,PH,7.9986,124.2928,69.31,93,100,6.91,overcast clouds
154,Bandarbeyla,SO,9.4942,50.8122,77.65,70,38,31.7,scattered clouds
155,Camocim,BR,-2.9022,-40.8411,80.29,73,100,12.68,overcast clouds
156,Itoman,JP,26.1247,127.6694,82.78,94,93,6.91,overcast clouds
157,Isangel,VU,-19.55,169.2667,71.71,100,20,0.0,few clouds
158,Seoul,KR,37.5683,126.9778,76.39,94,20,2.3,mist
159,Klaksvik,FO,62.2266,-6.589,50.92,99,100,13.47,light rain
160,Biak,ID,-0.9131,122.8766,74.26,90,66,4.61,light rain
161,Mawlaik,MM,23.6333,94.4167,76.21,97,14,0.56,few clouds
162,Bengkulu,ID,-3.8004,102.2655,74.12,87,9,3.87,clear sky
163,Linguere,SN,15.3953,-15.1193,90.1,47,46,13.35,light rain
164,Hasaki,JP,35.7333,140.8333,75.6,92,100,16.93,overcast clouds
165,Nanortalik,GL,60.1432,-45.2371,44.2,89,32,7.58,scattered clouds
166,Sinnamary,GF,5.3833,-52.95,76.23,92,100,9.35,overcast clouds
167,Turukhansk,RU,65.8167,87.9833,55.53,92,52,12.17,broken clouds
168,Pacific Grove,US,36.6177,-121.9166,82.24,82,75,10.36,broken clouds
169,Esperance,AU,-33.8667,121.9,59.31,75,100,21.97,overcast clouds
170,Saint-Augustin,CA,51.226,-58.6502,58.66,70,19,20.6,few clouds
171,Rosarito,MX,32.3333,-117.0333,90.63,62,23,11.81,few clouds
172,Cap Malheureux,MU,-19.9842,57.6142,68.47,69,50,5.99,scattered clouds
173,Eyl,SO,7.9803,49.8164,77.27,67,20,25.97,few clouds
174,Arcata,US,40.8665,-124.0828,80.67,74,75,9.22,broken clouds
175,Pokosnoye,RU,55.5258,101.0536,50.92,92,93,3.76,overcast clouds
176,Makushino,RU,55.2103,67.2442,64.71,74,96,4.68,overcast clouds
177,Port Elizabeth,ZA,-33.918,25.5701,73.69,33,100,13.8,overcast clouds
178,Dingle,PH,10.9995,122.6711,76.32,91,89,9.84,overcast clouds
179,Santiago,CL,-33.4569,-70.6483,49.55,75,75,8.05,broken clouds
180,Lodja,CD,-3.4833,23.4333,72.73,39,20,1.5,few clouds
181,Ulladulla,AU,-35.35,150.4667,53.96,81,87,15.5,light rain
182,Ixtapa,MX,20.7,-105.2,88.83,58,40,10.36,scattered clouds
183,Sambava,MG,-14.2667,50.1667,69.84,83,47,17.4,light rain
184,Astoria,US,46.1879,-123.8313,70.47,69,100,10.36,overcast clouds
185,Ballina,AU,-28.8667,153.5667,46.02,90,57,8.37,broken clouds
186,Chimbote,PE,-9.0853,-78.5783,65.35,76,32,9.8,scattered clouds
187,Arroio Grande,BR,-32.2375,-53.0869,64.72,93,99,11.61,light rain
188,Hambantota,LK,6.1241,81.1185,80.53,76,100,20.96,overcast clouds
189,Mount Isa,AU,-20.7333,139.5,49.77,53,0,6.91,clear sky
190,Quime,BO,-16.9833,-67.2167,56.34,64,85,6.2,overcast clouds
191,Luderitz,NA,-26.6481,15.1594,55.4,92,1,9.53,light rain
192,Greece,US,43.2098,-77.6931,75.67,42,75,11.5,broken clouds
193,Karratha,AU,-20.7377,116.8463,61.57,32,1,5.64,clear sky
194,Lavrentiya,RU,65.5833,-171.0,51.28,78,100,10.29,overcast clouds
195,Talnakh,RU,69.4865,88.3972,45.21,92,100,19.77,light rain
196,Vilyuysk,RU,63.7553,121.6247,58.32,90,100,2.37,overcast clouds
197,Palmer,US,42.1584,-72.3287,85.06,32,20,1.99,few clouds
198,Beidao,CN,34.5686,105.8933,75.04,75,100,4.12,overcast clouds
199,Chimoio,MZ,-19.1164,33.4833,60.66,82,0,2.89,clear sky
200,Mackay,AU,-21.15,149.2,46.69,67,0,11.07,clear sky
201,Sungai Besar,MY,3.6746,100.9867,77.61,83,100,3.49,overcast clouds
202,Sao Filipe,CV,14.8961,-24.4956,74.21,84,36,7.87,scattered clouds
203,Port Macquarie,AU,-31.4333,152.9167,39.88,76,1,8.12,clear sky
204,Oktyabrskiy,RU,54.4815,53.471,65.35,76,41,3.42,scattered clouds
205,Ancud,CL,-41.8697,-73.8203,46.22,85,100,14.29,light rain
206,Kahului,US,20.8947,-156.47,84.22,67,40,26.46,scattered clouds
207,San Quintin,MX,30.4833,-115.95,75.13,64,25,18.88,scattered clouds
208,Wawa,NG,9.9022,4.4192,74.98,86,75,9.28,broken clouds
209,Talcahuano,CL,-36.7167,-73.1167,53.28,82,75,10.36,light rain
210,Lamar,US,33.6668,-95.5836,106.99,37,0,8.05,clear sky
211,Slobozia,MD,46.7281,29.7078,67.53,59,100,10.07,overcast clouds
212,Anloga,GH,5.7947,0.8973,77.79,85,100,12.41,overcast clouds
213,Raudeberg,NO,61.9875,5.1352,48.87,85,97,15.08,overcast clouds
214,Strelitsa,RU,51.6083,38.9102,68.36,64,75,7.18,broken clouds
215,Guadalupe Victoria,MX,32.2869,-115.105,104.27,12,47,3.51,scattered clouds
216,Rosetta,EG,31.4044,30.4164,77.5,82,0,9.4,clear sky
217,Salalah,OM,17.0151,54.0924,77.09,100,100,8.05,drizzle
218,Solnechnyy,RU,50.7214,136.6319,70.93,87,100,5.73,overcast clouds
219,Krizevci,HR,46.0219,16.5425,63.28,65,50,4.16,scattered clouds
220,Phonhong,LA,18.5007,102.4166,74.93,95,100,1.54,overcast clouds
221,Tiksi,RU,71.6872,128.8694,52.97,57,100,8.75,overcast clouds
222,Te Anau,NZ,-45.4167,167.7167,31.01,90,42,2.46,scattered clouds
223,Bentiu,SS,9.2333,29.8333,72.61,83,100,3.33,overcast clouds
224,Pedernales,DO,18.0384,-71.744,87.31,58,100,1.72,overcast clouds
225,Ilulissat,GL,69.2167,-51.1,50.02,62,20,4.61,few clouds
226,Pandan,PH,14.0453,124.1694,79.23,85,100,3.67,overcast clouds
227,Saint-Pierre,RE,-21.3393,55.4781,69.48,60,20,19.57,few clouds
228,Dejen,ET,10.1667,38.1333,52.56,93,100,3.15,light rain
229,Erzin,TR,36.9559,36.2,72.64,90,1,2.42,clear sky
230,Garango,BF,11.8,-0.5506,83.8,62,100,10.96,light rain
231,Port Augusta,AU,-32.5,137.7667,38.97,80,2,3.62,clear sky
232,Turkistan,KZ,43.0,68.0,73.69,36,0,4.85,clear sky
233,Sitka,US,57.0531,-135.33,58.89,77,100,4.61,overcast clouds
234,Vanavara,RU,60.34,102.2797,51.33,84,16,0.27,few clouds
235,Anzio,IT,41.4853,12.6179,81.39,74,0,4.83,clear sky
236,Takehara,JP,34.3383,132.9167,76.24,92,20,3.91,few clouds
237,Uelzen,DE,52.9667,10.5667,59.49,67,100,10.47,overcast clouds
238,Batagay,RU,67.6333,134.6333,50.5,76,100,4.54,overcast clouds
239,Port Lincoln,AU,-34.7333,135.8667,48.54,80,33,13.76,scattered clouds
240,Asosa,ET,10.0667,34.5333,59.34,93,100,2.93,overcast clouds
241,Victoria,HK,22.2855,114.1577,85.32,85,12,8.99,few clouds
242,Chumikan,RU,54.7183,135.315,52.9,97,100,5.28,overcast clouds
243,Nhulunbuy,AU,-12.2333,136.7667,70.41,78,40,9.22,scattered clouds
244,Sola,VU,-13.8833,167.55,80.28,80,36,18.45,scattered clouds
245,Colomi,BO,-17.35,-65.8667,69.82,79,59,8.34,broken clouds
246,Xacmaz,AZ,41.4635,48.806,70.79,56,0,2.51,clear sky
247,Estelle,US,29.8458,-90.1067,96.01,66,75,6.91,thunderstorm
248,Mizan Teferi,ET,6.9833,35.5833,60.64,95,98,2.35,overcast clouds
249,Am Timan,TD,11.0297,20.2827,75.79,72,33,5.66,scattered clouds
250,Chifeng,CN,42.2683,118.9636,70.52,49,58,5.23,broken clouds
251,Santa Cruz De Tenerife,ES,28.4682,-16.2546,86.59,40,0,14.97,clear sky
252,Beringovskiy,RU,63.05,179.3167,49.48,87,100,16.31,overcast clouds
253,Escanaba,US,45.7453,-87.0646,81.52,53,0,9.22,clear sky
254,Saint George,US,37.1041,-113.5841,108.63,10,0,10.0,clear sky
255,Nalut,LY,30.3333,10.85,83.89,39,94,21.41,overcast clouds
256,Marsa Matruh,EG,31.3525,27.2453,79.0,78,40,9.22,scattered clouds
257,Praia Da Vitoria,PT,38.7333,-27.0667,68.76,88,75,9.75,broken clouds
258,Tadine,NC,-21.55,167.8833,77.49,74,66,12.06,broken clouds
259,Paamiut,GL,61.994,-49.6678,39.83,94,100,10.89,overcast clouds
260,Alta Floresta,BR,-9.8756,-56.0861,94.82,34,20,5.75,few clouds
261,Bilibino,RU,68.0546,166.4372,39.88,92,100,5.44,overcast clouds
262,Vila Velha,BR,-20.3297,-40.2925,71.55,91,75,4.61,broken clouds
263,Caloundra,AU,-26.8,153.1333,48.13,87,2,1.01,clear sky
264,Mahibadhoo,MV,3.7833,72.9667,82.35,76,100,10.94,overcast clouds
265,Bardiyah,LY,31.7561,25.0865,77.52,71,0,15.79,clear sky
266,Flinders,AU,-34.5833,150.8552,54.37,87,99,4.0,light rain
267,Samarkand,UZ,39.6542,66.9597,71.02,35,0,2.3,clear sky
268,Ban Nahin,LA,18.2418,104.2122,73.9,98,88,1.86,overcast clouds
269,Panorama,GR,40.5878,23.0315,65.73,76,75,14.97,broken clouds
270,Valdemarpils,LV,57.3707,22.5919,53.1,94,0,6.69,clear sky
271,Leningradskiy,RU,69.3833,178.4167,37.56,93,100,10.13,overcast clouds
272,Balao,EC,-2.9167,-79.8167,77.77,73,100,5.82,overcast clouds
273,Lazaro Cardenas,MX,17.9583,-102.2,86.76,65,56,11.9,broken clouds
274,Maumere,ID,-8.6199,122.2111,77.34,82,62,6.46,broken clouds
275,Airai,TL,-8.9266,125.4092,56.05,94,76,3.91,broken clouds
276,Saskylakh,RU,71.9167,114.0833,50.13,74,100,7.85,overcast clouds
277,Port-De-Bouc,FR,43.4,4.9833,84.42,32,0,25.32,clear sky
278,Bulgan,MN,48.8125,103.5347,50.88,90,100,1.86,overcast clouds
279,Norman Wells,CA,65.282,-126.8329,80.64,41,75,12.66,smoke
280,Lompoc,US,34.6391,-120.4579,88.02,71,0,18.99,clear sky
281,Mersing,MY,2.4312,103.8405,76.91,88,40,4.61,scattered clouds
282,Selma,US,36.5708,-119.6121,95.63,33,0,5.75,clear sky
283,Severo-Kurilsk,RU,50.6789,156.125,56.89,87,100,12.24,overcast clouds
284,Quelimane,MZ,-17.8786,36.8883,69.75,83,0,4.61,clear sky
285,Poretskoye,RU,55.1974,46.3291,62.49,93,100,3.51,light rain
286,Bajil,YE,15.0584,43.2851,91.58,35,100,4.99,overcast clouds
287,San Carlos De Bariloche,AR,-41.1456,-71.3082,39.24,87,100,8.05,light rain
288,Birjand,IR,32.8663,59.2211,77.47,13,0,16.11,clear sky
289,Portland,US,45.5234,-122.6762,82.09,51,40,10.36,scattered clouds
290,Pandharpur,IN,17.6667,75.3333,72.84,85,100,14.03,overcast clouds
291,Vao,NC,-22.6667,167.4833,76.3,77,31,13.58,scattered clouds
292,Pavlovka,RU,52.6897,47.1405,65.93,70,22,4.32,few clouds
293,Yining,CN,29.0361,114.5636,78.31,93,4,2.28,clear sky
294,Kailua,US,21.4022,-157.7394,84.18,74,40,12.66,scattered clouds
295,Hay River,CA,60.8156,-115.7999,69.78,64,75,4.61,broken clouds
296,La Ronge,CA,55.1001,-105.2842,68.22,82,75,2.3,broken clouds
297,Baghdad,IQ,33.3406,44.4009,96.71,15,0,11.5,clear sky
298,Chapais,CA,49.7834,-74.8492,64.18,28,6,8.86,clear sky
299,Saldanha,ZA,-33.0117,17.9442,51.85,93,8,16.6,light rain
300,Yerbogachen,RU,61.2767,108.0108,52.41,76,7,3.06,clear sky
301,Port Hardy,CA,50.6996,-127.4199,59.18,88,100,6.91,light intensity shower rain
302,Basoko,CD,1.2391,23.616,75.34,71,99,1.99,overcast clouds
303,Jumla,NP,29.2747,82.1838,60.04,91,100,2.84,overcast clouds
304,Balkanabat,TM,39.5108,54.3671,85.89,21,0,9.24,clear sky
305,Iranshahr,IR,27.2025,60.6848,91.74,49,0,0.0,clear sky
306,Maningrida,AU,-12.0667,134.2667,56.88,90,100,11.54,overcast clouds
307,Zyryanovsk,KZ,49.7386,84.2719,53.38,88,99,0.83,overcast clouds
308,Haimen,CN,23.1935,116.6142,78.69,90,37,1.63,scattered clouds
309,Pingxiang,CN,27.6167,113.85,78.85,87,8,2.57,clear sky
310,Bethanien,NA,-26.502,17.1583,48.74,71,0,17.83,clear sky
311,Yambio,SS,4.5721,28.3955,67.26,97,98,2.55,light rain
312,Shelkovskaya,RU,43.5069,46.3392,73.17,57,9,14.83,clear sky
313,Mezhdurechensk,RU,53.6942,88.0603,54.05,90,9,2.86,clear sky
314,Dongfeng,CN,42.6403,125.5118,65.95,86,100,3.44,overcast clouds
315,Muli,MV,2.9167,73.5667,82.22,77,100,14.0,overcast clouds
316,Floro,NO,61.5996,5.0328,53.24,87,100,16.11,overcast clouds
317,Maceio,BR,-9.6658,-35.7353,72.84,94,100,11.5,overcast clouds
318,Goundam,ML,16.4145,-3.6708,99.68,22,100,12.86,overcast clouds
319,Angoche,MZ,-16.2325,39.9086,71.01,77,3,5.93,clear sky
320,Honningsvag,NO,70.9821,25.9704,55.15,76,100,2.3,overcast clouds
321,Pasighat,IN,28.0667,95.3333,78.1,91,56,2.98,broken clouds
322,Emerald,AU,-23.5333,148.1667,41.34,81,0,7.99,clear sky
323,Kintampo,GH,8.0563,-1.7306,71.83,92,100,7.67,light rain
324,Maarianhamina,AX,60.0973,19.9348,53.46,82,0,1.14,clear sky
325,Tiarei,PF,-17.5333,-149.3333,82.42,72,62,19.24,broken clouds
326,Tabou,CI,4.423,-7.3528,76.23,78,99,9.93,overcast clouds
327,Mehamn,NO,71.0357,27.8492,55.31,82,98,0.0,overcast clouds
328,Port Hedland,AU,-20.3167,118.5667,50.05,62,2,9.22,clear sky
329,Putina,PE,-15.4667,-69.4333,50.76,58,76,12.93,broken clouds
330,Amethi,IN,26.15,81.8167,90.77,54,100,11.3,overcast clouds
331,Nerchinskiy Zavod,RU,51.3088,119.61,51.75,94,99,4.74,overcast clouds
332,Wanaka,NZ,-44.7,169.15,31.1,81,99,1.99,overcast clouds
333,Belmonte,BR,-15.8631,-38.8828,72.57,78,13,9.75,few clouds
334,Bambous Virieux,MU,-20.3428,57.7575,68.25,73,40,18.41,scattered clouds
335,Amuntai,ID,-2.4177,115.2494,73.0,98,96,0.83,overcast clouds
336,Tilichiki,RU,60.4667,166.1,60.64,75,20,7.38,few clouds
337,Kijang,KR,35.2442,129.2139,76.73,85,41,4.52,scattered clouds
338,Bagan,RU,54.1001,77.6646,67.01,71,100,8.52,overcast clouds
339,Ugoofaaru,MV,5.6667,73.0,82.17,75,100,17.36,overcast clouds
340,Bahia Blanca,AR,-38.7196,-62.2724,52.03,63,3,2.86,clear sky
341,Boshnyakovo,RU,49.6333,142.1667,66.29,77,50,4.09,scattered clouds
342,Touros,BR,-5.1989,-35.4608,77.11,81,10,12.75,clear sky
343,Bilma,NE,18.6853,12.9164,94.05,18,13,7.43,few clouds
344,Mugur-Aksy,RU,50.35,90.5,50.77,75,100,1.92,light rain
345,Kisangani,CD,0.5167,25.2,78.66,42,43,2.51,scattered clouds
346,Constitucion,CL,-35.3333,-72.4167,52.45,86,70,13.42,broken clouds
347,Taraz,KZ,42.9,71.3667,63.01,51,0,6.71,clear sky
348,Udachnyy,RU,66.4167,112.4,53.46,66,7,5.08,clear sky
349,Havre-Saint-Pierre,CA,50.2334,-63.5986,55.76,82,100,16.11,overcast clouds
350,Ewa Beach,US,21.3156,-158.0072,84.15,66,75,17.27,broken clouds
351,Zatoka,UA,46.0725,30.4654,70.79,70,100,24.72,light rain
352,Kenai,US,60.5544,-151.2583,66.29,57,40,9.22,scattered clouds
353,Natal,BR,-5.795,-35.2094,80.82,78,40,10.36,scattered clouds
354,Makokou,GA,0.5738,12.8642,69.87,93,92,1.43,overcast clouds
355,Chipinge,ZW,-20.1883,32.6236,50.38,73,4,3.94,clear sky
356,Yumen,CN,40.2833,97.2,73.4,19,44,5.35,scattered clouds
357,Padang,ID,-0.9492,100.3543,76.42,87,58,3.22,broken clouds
358,Tera,NE,14.0078,0.7531,90.46,46,90,15.08,overcast clouds
359,Torbay,CA,47.6666,-52.7314,67.28,79,75,18.41,broken clouds
360,Yar-Sale,RU,66.8333,70.8333,54.27,74,2,7.29,clear sky
361,Atasu,KZ,48.6814,71.6433,60.93,73,30,9.78,scattered clouds
362,Labuhan,ID,-6.8844,112.2051,73.72,86,18,7.94,few clouds
363,Trelew,AR,-43.249,-65.3051,54.9,33,99,10.38,overcast clouds
364,Sapa,PH,5.1544,120.3241,79.56,82,100,10.42,overcast clouds
365,Pemba,MZ,-12.974,40.5178,72.3,83,40,11.5,scattered clouds
366,Henties Bay,NA,-22.116,14.2845,56.37,90,0,8.39,clear sky
367,Milici,BA,44.1711,19.0903,54.77,63,76,3.53,broken clouds
368,Ifanadiana,MG,-21.3,47.6333,57.88,97,71,1.79,light rain
369,Segezha,RU,63.7415,34.3222,57.61,79,74,7.25,broken clouds
370,Usinsk,RU,65.9939,57.5281,58.5,62,60,5.48,broken clouds
371,Haines Junction,CA,60.7522,-137.5108,66.15,48,100,5.75,overcast clouds
372,Svetlogorsk,BY,52.6333,29.7333,59.56,91,94,5.91,overcast clouds
373,Viedma,AR,-40.8135,-62.9967,53.02,49,76,7.34,broken clouds
374,Nipawin,CA,53.3668,-104.0009,77.04,78,20,6.91,few clouds
375,Nijar,ES,36.9665,-2.206,77.65,57,0,6.91,clear sky
376,Kiunga,PG,-6.1219,141.2906,71.13,100,89,1.72,overcast clouds
377,Dorado,PR,18.4588,-66.2677,87.73,84,75,16.11,broken clouds
378,Mar Del Plata,AR,-38.0023,-57.5575,57.22,94,75,10.0,broken clouds
379,Srednekolymsk,RU,67.45,153.6833,52.39,55,9,5.08,clear sky
380,Ahuimanu,US,21.4447,-157.8378,83.91,74,40,17.27,scattered clouds
381,Faanui,PF,-16.4833,-151.75,78.24,74,84,18.77,light rain
382,Gidam,IN,18.9833,81.4,73.62,97,100,1.48,light rain
383,Plonsk,PL,52.6235,20.3755,58.77,88,57,7.29,broken clouds
384,Koulikoro,ML,14.0,-7.75,81.61,60,33,16.37,scattered clouds
385,Cabedelo,BR,-6.9811,-34.8339,74.07,83,12,12.93,few clouds
386,Pimentel,PE,-6.8367,-79.9342,71.89,60,0,16.11,clear sky
387,Kiri Buru,IN,22.0833,85.35,75.04,94,68,5.86,broken clouds
388,Kungurtug,RU,50.5994,97.5228,49.46,75,93,1.68,overcast clouds
389,Vanimo,PG,-2.6741,141.3028,76.98,89,99,5.48,moderate rain
390,Lata,PT,40.1629,-8.3327,70.92,52,0,2.26,clear sky
391,Buzmeyin,TM,38.0507,58.2056,76.73,33,0,2.3,clear sky
392,Rabo De Peixe,PT,37.8,-25.5833,68.27,80,75,10.36,broken clouds
393,Porto Novo,BJ,6.4965,2.6036,78.62,93,100,4.36,overcast clouds
394,Tevaitoa,PF,-16.7833,-151.5,77.86,73,65,19.04,broken clouds
395,Walvis Bay,NA,-22.9575,14.5053,57.09,82,0,3.44,clear sky
396,Vestmannaeyjar,IS,63.4427,-20.2734,52.2,97,100,17.56,overcast clouds
397,Atar,MR,20.5169,-13.0499,99.14,22,1,7.43,clear sky
398,Arica,CL,-18.475,-70.3042,67.55,72,75,10.36,broken clouds
399,Husavik,IS,66.0449,-17.3389,55.24,78,99,3.76,overcast clouds
400,Morro Bay,US,35.3658,-120.8499,96.93,56,26,8.99,scattered clouds
401,Bandiagara,ML,14.3501,-3.6104,93.67,32,97,4.38,overcast clouds
402,Jasper,US,37.2001,-94.3502,89.02,57,75,12.66,broken clouds
403,Nizwa,OM,22.9333,57.5333,80.8,80,100,3.85,light rain
404,Karonga,MW,-9.9333,33.9333,69.91,57,70,5.17,broken clouds
405,Gravdal,NO,68.1214,13.5031,52.27,84,99,6.85,overcast clouds
406,Herat,AF,34.5,62.0,75.38,19,0,23.53,clear sky
407,Sarangani,PH,5.4033,125.4636,81.55,80,93,18.37,overcast clouds
408,Walla Walla,US,46.0646,-118.343,85.86,37,0,9.22,clear sky
409,Saint Austell,GB,50.3383,-4.7658,64.63,88,0,8.05,clear sky
410,Beloha,MG,-25.1667,45.05,61.75,58,0,8.72,clear sky
411,Yelan,RU,50.949,43.7378,68.32,58,67,7.72,broken clouds
412,Dunedin,NZ,-45.8742,170.5036,37.8,10,21,5.17,few clouds
413,Hofn,IS,64.2539,-15.2082,50.83,91,100,2.39,overcast clouds
414,Del Rio,US,29.3627,-100.8968,102.6,27,20,13.8,few clouds
415,Morehead,US,37.2711,-87.1764,82.99,82,100,0.0,overcast clouds
416,Brae,GB,60.3964,-1.353,51.19,95,100,4.88,light rain
417,Kedrovyy,RU,56.1667,91.8167,50.41,85,65,2.21,broken clouds
418,Baijiantan,CN,45.6333,85.1833,74.75,37,14,9.4,few clouds
419,Sibu,MY,2.3,111.8167,75.51,94,20,0.0,few clouds
420,Takayama,JP,36.1333,137.25,67.93,97,91,0.83,overcast clouds
421,Maniitsoq,GL,65.4167,-52.9,41.04,89,100,10.74,overcast clouds
422,Pangai,TO,-19.8,-174.35,76.53,71,100,21.68,overcast clouds
423,Mastic Beach,US,40.7668,-72.8521,85.77,55,20,7.0,few clouds
424,Batken,KG,39.8333,71.0,57.94,51,32,0.72,scattered clouds
425,Bloemfontein,ZA,-29.1211,26.214,40.48,81,1,0.0,clear sky
426,Akyab,MM,20.15,92.9,80.24,86,91,10.31,overcast clouds
427,Oudtshoorn,ZA,-33.5907,22.2014,60.13,55,98,4.43,overcast clouds
428,Melilla,ES,35.2937,-2.9383,75.58,83,20,5.75,few clouds
429,Gori,GE,41.9842,44.1158,67.1,52,27,3.49,scattered clouds
430,Kavieng,PG,-2.5744,150.7967,81.43,72,59,14.74,broken clouds
431,Rosetown,CA,51.5501,-108.0014,82.38,30,0,8.05,clear sky
432,Honiara,SB,-9.4333,159.95,79.32,71,29,4.16,scattered clouds
433,Altamira,BR,-3.2033,-52.2064,82.56,64,63,2.71,broken clouds
434,Comodoro Rivadavia,AR,-45.8667,-67.5,49.86,62,0,1.14,clear sky
435,Nantucket,US,41.2835,-70.0995,75.34,64,0,16.11,clear sky
436,Wellington,NZ,-41.2866,174.7756,47.86,78,75,20.71,light rain
437,Porkhov,RU,57.765,29.5561,55.49,95,10,4.21,clear sky
438,Horsham,GB,51.064,-0.3272,73.11,78,0,6.91,clear sky
439,Cao Bang,VN,22.6667,106.25,74.16,98,27,0.81,scattered clouds
440,Orumiyeh,IR,37.5527,45.0761,69.35,49,0,4.61,clear sky
441,Sicuani,PE,-14.2694,-71.2261,57.29,37,85,11.79,overcast clouds
442,Umm Kaddadah,SD,13.6017,26.6876,88.54,40,100,8.7,overcast clouds
443,Almeirim,BR,-1.5233,-52.5817,81.57,72,81,3.13,broken clouds
444,Carhuaz,PE,-9.2819,-77.6447,66.13,51,95,0.96,overcast clouds
445,Garissa,KE,-0.4536,39.6401,73.65,66,26,19.42,scattered clouds
446,Sept-Iles,CA,50.2001,-66.3821,66.72,52,75,18.41,broken clouds
447,Lisakovsk,KZ,52.5369,62.4936,67.01,68,51,4.54,broken clouds
448,Road Town,VG,18.4167,-64.6167,87.89,74,40,14.97,scattered clouds
449,Abu Zabad,SD,12.35,29.25,79.43,67,100,9.4,overcast clouds
450,Noumea,NC,-22.2763,166.4572,75.0,99,3,6.78,clear sky
451,Kondinskoye,RU,59.6481,67.41,68.81,62,68,4.32,broken clouds
452,Daru,PG,-9.0763,143.2092,77.02,89,78,11.74,broken clouds
453,Geilo,NO,60.5333,8.2076,49.55,72,91,5.73,overcast clouds
454,Gornopravdinsk,RU,60.05,69.9,70.25,70,75,3.65,broken clouds
455,Bubaque,GW,11.2833,-15.8333,80.65,83,78,12.24,moderate rain
456,Valparaiso,CL,-33.0393,-71.6273,55.04,91,100,27.63,mist
457,Kuah,MY,6.3265,99.8432,78.78,89,20,4.61,few clouds
458,Fortuna,US,40.5982,-124.1573,71.92,70,0,3.0,clear sky
459,Kologriv,RU,58.8275,44.3178,61.63,71,94,5.17,overcast clouds
460,Sao Jose Da Coroa Grande,BR,-8.8978,-35.1478,75.36,85,19,14.5,light rain
461,Vincennes,FR,48.85,2.4333,72.86,53,0,14.97,clear sky
462,Alugan,PH,12.2188,125.4808,76.78,87,99,4.94,overcast clouds
463,Auki,SB,-8.7676,160.7034,78.98,79,26,2.93,scattered clouds
464,Cockburn Town,TC,21.4612,-71.1419,81.93,82,100,18.97,overcast clouds
465,Praia,CV,14.9215,-23.5087,77.54,73,75,12.66,broken clouds
466,San Jose De Ocoa,DO,18.55,-70.5,83.8,51,91,5.93,overcast clouds
467,Husum,DE,54.4858,9.0524,58.14,69,100,16.64,overcast clouds
468,Aksarka,RU,66.5606,67.7975,55.8,76,7,9.64,clear sky
469,Progreso,MX,21.2833,-89.6667,88.11,81,98,9.78,overcast clouds
470,Fairbanks,US,64.8378,-147.7164,69.76,60,0,6.91,smoke
471,Kurilsk,RU,45.2333,147.8833,59.0,65,92,11.23,overcast clouds
472,Nioro,GM,13.35,-15.75,82.53,70,76,11.68,broken clouds
473,Balaka,MW,-14.9793,34.9558,60.46,67,32,2.55,scattered clouds
474,Mundi,IN,22.0667,76.5,78.22,85,100,15.99,moderate rain
475,Sumbe,AO,-11.2061,13.8437,68.45,90,85,6.4,overcast clouds
476,Tignere,CM,7.3667,12.65,63.95,95,96,1.61,light rain
477,Ishim,RU,56.1128,69.4902,64.51,76,61,5.68,broken clouds
478,Richards Bay,ZA,-28.783,32.0377,66.63,71,0,14.88,clear sky
479,Alofi,NU,-19.0595,-169.9187,75.09,83,75,14.97,broken clouds
480,Rawson,AR,-43.3002,-65.1023,53.08,45,98,10.92,overcast clouds
481,Tarko-Sale,RU,64.9225,77.785,54.18,81,1,9.31,clear sky
482,Glenluce,GB,54.8798,-4.8084,56.53,97,25,11.97,scattered clouds
483,Mombetsu,JP,44.3525,143.3525,65.57,92,81,10.07,broken clouds
484,Ayat,KZ,52.8228,62.5164,66.02,70,63,5.28,broken clouds
485,Sao Joao Da Barra,BR,-21.6403,-41.0511,73.49,82,4,14.83,clear sky
486,Mango,US,27.9797,-82.3065,93.07,68,99,3.0,overcast clouds
487,Tomball,US,30.0972,-95.6161,104.07,41,0,3.44,clear sky
488,Sayat,TM,38.7839,63.8803,78.67,20,0,11.16,clear sky
489,Mildura,AU,-34.2,142.15,31.96,100,0,4.61,mist
490,Galesburg,US,40.9478,-90.3712,80.56,69,40,12.66,scattered clouds
491,Bintulu,MY,3.1667,113.0333,75.61,94,20,3.44,few clouds
492,Doka,SD,13.5167,35.7667,71.73,80,100,6.13,overcast clouds
493,Timizart,DZ,36.8,4.2667,69.57,66,0,5.55,clear sky
494,Mayo,US,38.8876,-76.5119,72.95,92,100,5.75,overcast clouds
495,Novaya Igirma,RU,57.1334,103.9112,54.18,94,97,2.73,overcast clouds
496,Dauriya,RU,49.9333,116.8667,54.12,91,25,5.79,scattered clouds
497,Conde,BR,-7.2597,-34.9075,72.86,100,75,9.22,broken clouds
498,Nisia Floresta,BR,-6.0911,-35.2086,80.98,87,9,7.7,clear sky
499,Cabra,ES,37.4725,-4.4421,78.66,37,0,7.72,clear sky
500,Garden City,US,42.3256,-83.331,82.87,26,20,13.8,few clouds
501,Hirara,JP,24.8,125.2833,84.34,76,59,14.92,broken clouds
502,Smithers,CA,54.7804,-127.1743,62.92,67,75,3.44,light intensity shower rain
503,Bell Ville,AR,-32.6259,-62.6887,73.8,56,0,14.34,clear sky
504,Mao,ES,39.8885,4.2658,75.76,53,0,4.61,clear sky
505,Ossora,RU,59.2353,163.0719,60.39,85,9,3.67,clear sky
506,Vardo,NO,70.3705,31.1107,48.18,93,99,6.91,overcast clouds
507,Palembang,ID,-2.9167,104.7458,78.89,83,20,4.61,few clouds
508,Kidal,ML,18.4411,1.4078,95.67,10,2,7.52,clear sky
509,Varna,BG,43.2167,27.9167,75.34,68,87,8.05,overcast clouds
510,Nara,JP,34.6851,135.8049,76.5,89,50,2.59,light rain
511,Pinawa,CA,50.1489,-95.8811,85.14,48,99,12.82,moderate rain
512,Maues,BR,-3.3836,-57.7186,81.54,72,86,1.97,overcast clouds
513,Senno,RU,59.5336,33.9167,58.26,74,45,5.53,scattered clouds
514,Xiaoweizhai,CN,26.1903,107.5125,70.45,99,60,3.6,broken clouds
515,Nagato,JP,34.3833,131.2,76.84,93,33,6.13,scattered clouds
516,Neiafu,TO,-18.65,-173.9833,77.68,73,40,9.22,scattered clouds
517,Alanya,TR,36.5438,31.9998,77.45,71,0,3.62,clear sky
518,Santa Isabel Do Rio Negro,BR,-0.4139,-65.0192,80.56,77,100,2.24,overcast clouds
519,Cariamanga,EC,-4.3333,-79.55,57.72,75,99,4.97,overcast clouds
520,Topolobampo,MX,25.6,-109.05,93.24,53,78,12.37,broken clouds
521,Zhezkazgan,KZ,47.8043,67.7144,69.91,50,47,8.7,scattered clouds
522,Calabar,NG,4.9517,8.322,73.74,96,100,3.27,moderate rain
523,Tual,ID,-5.6667,132.75,79.86,82,64,20.83,broken clouds
524,Mareeba,AU,-17.0,145.4333,63.32,88,76,3.49,broken clouds
525,Port Moresby,PG,-9.4431,147.1797,74.62,94,40,2.3,scattered clouds
526,Holme,DK,56.1138,10.1725,54.97,75,85,19.17,overcast clouds
527,Ostrovnoy,RU,68.0531,39.5131,45.21,94,92,1.66,overcast clouds
528,Waw,SS,7.7029,27.9953,71.44,89,97,4.27,overcast clouds
529,Zhuhai,CN,22.2769,113.5678,83.98,94,40,5.75,scattered clouds
530,Kamenka,RU,51.3223,42.7678,67.35,66,79,9.44,broken clouds
531,Mufumbwe,ZM,-13.6833,24.8,54.91,54,6,4.16,clear sky
532,Dodge City,US,37.7528,-100.0171,98.26,36,0,5.99,clear sky
533,Saint Anthony,US,45.0205,-93.218,86.05,54,75,11.5,broken clouds
534,Svecha,RU,58.2785,47.5164,63.36,96,100,4.34,light rain
535,Stornoway,GB,58.2093,-6.3865,57.16,90,75,10.36,broken clouds
536,Palu,ID,-0.8917,119.8707,74.44,96,100,4.09,overcast clouds
537,Aden,YE,12.7794,45.0367,88.77,58,100,23.15,overcast clouds
538,Narsaq,GL,60.9167,-46.05,46.69,85,25,5.14,scattered clouds
539,Carora,VE,10.1755,-70.0827,95.05,31,75,18.72,broken clouds
540,Nelson Bay,AU,-32.7167,152.15,50.09,87,58,13.0,light rain
541,Boddam,GB,57.4667,-1.7833,61.43,76,99,6.85,overcast clouds
542,Dryden,CA,49.7833,-92.7503,79.09,38,0,12.66,clear sky
543,Carauari,BR,-4.8828,-66.8958,82.15,77,43,2.55,scattered clouds
544,Grindavik,IS,63.8424,-22.4338,57.15,100,100,20.71,overcast clouds
545,Norrtalje,SE,59.758,18.705,59.85,81,8,0.45,moderate rain
546,Numan,NG,9.4667,12.0333,77.58,78,99,3.47,overcast clouds
547,Deputatskiy,RU,69.3,139.9,46.06,73,21,5.01,few clouds
548,Guadalupe,MX,25.6833,-100.25,97.21,41,94,10.92,overcast clouds
549,Kupang,ID,-10.1667,123.5833,75.56,82,26,14.97,scattered clouds
550,Saint-Georges,GD,12.0564,-61.7485,85.68,74,20,19.57,few clouds
551,Namatanai,PG,-3.6667,152.4333,78.33,74,3,7.52,clear sky
552,Juba,SS,4.8517,31.5825,69.28,87,32,1.21,scattered clouds
553,Vung Tau,VN,10.346,107.0843,77.45,90,100,21.94,overcast clouds
554,Gondanglegi,ID,-7.7479,112.0132,71.85,88,11,11.18,few clouds
555,Avera,US,33.194,-82.5271,77.05,70,93,4.9,overcast clouds
556,Oranjestad,AW,12.524,-70.027,85.95,74,40,20.71,scattered clouds
557,Golden,US,39.7555,-105.2211,101.64,15,6,4.0,clear sky
558,Sungairaya,ID,0.7,108.9,76.51,88,100,5.41,overcast clouds
559,Cranbrook,CA,49.4999,-115.7688,76.84,33,75,4.61,broken clouds
560,Laguna,US,38.421,-121.4238,93.34,39,0,10.36,clear sky
561,Bataipora,BR,-22.2953,-53.2711,77.45,38,1,6.11,clear sky
562,Polunochnoye,RU,60.8697,60.4153,61.3,93,41,2.71,scattered clouds
563,Malegaon,IN,20.55,74.5333,75.88,81,100,12.03,overcast clouds
564,Pecos,US,31.4229,-103.4932,100.49,22,0,3.44,clear sky
565,Arbagar,RU,51.9438,116.2805,52.29,93,47,3.94,scattered clouds
566,Vallenar,CL,-28.5708,-70.7581,61.48,47,9,9.15,clear sky
567,Byron Bay,AU,-28.65,153.6167,45.95,86,91,9.31,overcast clouds
568,Charters Towers,AU,-20.1,146.2667,49.98,70,0,7.7,clear sky
569,Samarai,PG,-10.6167,150.6667,81.03,78,89,9.71,overcast clouds
570,Nikki,BJ,9.9401,3.2108,71.98,92,100,10.31,overcast clouds
571,Verkhnevilyuysk,RU,63.4453,120.3167,58.24,98,100,3.2,light rain
572,Yarmouth,US,41.7057,-70.2286,75.96,58,0,9.22,clear sky
573,Alice Springs,AU,-23.7,133.8833,27.95,93,0,5.75,clear sky
574,Dubbo,AU,-32.25,148.6167,30.33,100,3,0.0,clear sky
575,Chute-Aux-Outardes,CA,49.1168,-68.399,71.58,33,75,12.66,broken clouds
576,Vila Franca Do Campo,PT,37.7167,-25.4333,69.19,82,24,8.43,few clouds
577,Zamora,EC,-4.0692,-78.9567,66.51,100,100,2.57,moderate rain
578,San Francisco,US,37.7749,-122.4194,83.98,76,75,17.0,broken clouds
579,Oga,IT,46.4631,10.347,63.28,68,73,6.17,broken clouds
580,Lakeway,US,30.3638,-97.9796,107.37,32,40,6.91,scattered clouds
581,Lucea,JM,18.451,-78.1736,87.66,70,75,12.39,broken clouds
582,Abha,SA,18.2164,42.5053,67.82,63,40,0.0,scattered clouds
583,New Port Richey,US,28.2442,-82.7193,92.21,71,100,5.01,overcast clouds
584,Manono,CD,-7.3,27.4167,71.11,41,0,3.71,clear sky
585,Tottori,JP,35.5,134.2333,75.45,93,26,1.88,scattered clouds
586,Qandala,SO,11.472,49.8728,87.42,47,100,28.36,overcast clouds
587,Glendive,US,47.1053,-104.7125,87.69,56,0,5.75,clear sky
588,Villazon,BO,-22.0866,-65.5942,59.18,15,97,16.22,overcast clouds
589,Woodinville,US,47.7543,-122.1635,78.26,58,92,3.0,overcast clouds
590,Goderich,CA,43.7501,-81.7165,64.9,68,4,14.97,clear sky
591,Praya,CV,14.9215,-23.5087,77.54,73,75,12.66,broken clouds
592,Ilula,TZ,-7.6766,36.0366,57.74,74,0,5.14,clear sky
593,Bonfim,BR,3.0833,-59.95,82.8,76,72,6.35,light rain
594,Caravelas,BR,-17.7125,-39.2481,71.1,78,0,5.53,clear sky
595,Tres Arroyos,AR,-38.3739,-60.2798,55.56,83,32,9.33,scattered clouds
596,Sorland,NO,67.667,12.6934,53.46,83,100,7.83,overcast clouds
597,North Bend,US,43.4065,-124.2243,75.24,83,20,13.8,few clouds
598,Kostino,RU,58.9097,53.2691,61.97,94,74,0.67,light rain
599,Casablanca,MA,33.5928,-7.6192,84.42,58,0,1.21,clear sky
600,Kincardine,GB,56.0667,-3.7167,64.98,74,25,7.09,scattered clouds
601,Sheltozero,RU,61.3667,35.3667,59.31,83,70,6.51,broken clouds
602,Braniewo,PL,54.3797,19.8196,57.43,81,44,14.85,scattered clouds
603,Necochea,AR,-38.5473,-58.7368,52.97,90,91,11.23,overcast clouds
604,Xinyu,CN,27.8043,114.9334,79.52,87,26,6.08,scattered clouds
605,Asau,RO,46.4333,26.4,65.32,69,26,4.72,scattered clouds
606,Hyeres,FR,43.1167,6.1167,77.65,54,0,3.44,clear sky
607,Hukuntsi,BW,-24.0,21.75,57.96,36,0,13.06,clear sky
608,Sakakah,SA,29.9697,40.2064,85.57,9,0,10.02,clear sky
609,Pundaguitan,PH,6.3711,126.1689,81.91,76,93,5.73,overcast clouds
610,Beisfjord,NO,68.3751,17.5988,60.04,86,100,3.76,overcast clouds
611,General Pico,AR,-35.6566,-63.7568,60.46,58,0,4.99,clear sky
612,Korhogo,CI,9.45,-5.6333,72.84,91,100,8.52,overcast clouds
613,Yashkul,RU,46.1711,45.3435,78.6,37,30,8.5,scattered clouds
614,Karasburg,NA,-28.0167,18.75,50.31,73,0,13.49,clear sky
615,Monroe,US,43.1501,-77.6831,75.27,42,75,11.5,broken clouds
616,Madimba,TZ,-10.4,40.3333,69.12,77,20,13.8,few clouds
617,Quatre Cocos,MU,-20.2078,57.7625,68.11,70,50,20.8,scattered clouds
618,Bozoum,CF,6.3193,16.3799,69.24,90,96,4.56,light rain
619,Lugovoy,KZ,42.9472,72.7644,66.02,44,2,2.57,clear sky
620,Sindor,RU,62.8629,51.8905,61.25,59,69,0.85,broken clouds
621,Terney,RU,45.0503,136.6092,64.6,88,99,3.6,overcast clouds
622,Aksum,ET,14.1245,38.7244,59.54,81,100,3.56,light rain
623,Bonavista,CA,48.6499,-53.1147,56.08,82,68,13.51,broken clouds
624,Nouadhibou,MR,20.931,-17.0347,69.78,88,21,16.11,few clouds
625,Cabo San Lucas,MX,22.8909,-109.9124,96.62,64,81,6.6,broken clouds
626,Elko,US,41.0002,-115.5012,91.06,12,13,14.0,few clouds
627,Wewak,PG,-3.5534,143.6268,78.22,86,97,6.71,overcast clouds
628,Nampula,MZ,-15.1165,39.2666,66.15,88,20,6.91,few clouds
629,Coyoles Central,HN,15.4,-86.6667,85.68,65,82,3.74,broken clouds
630,Dongsheng,CN,39.8161,109.9776,61.02,69,1,5.61,clear sky
631,Fasa,IR,28.9383,53.6482,87.04,33,34,0.0,scattered clouds
632,Akom,CM,2.6678,12.7109,67.59,93,99,2.33,light rain
633,Evanston,US,42.0411,-87.6901,80.65,59,0,14.97,clear sky
634,Knysna,ZA,-34.0363,23.0471,60.22,78,41,1.16,scattered clouds
635,Lake City,US,30.1897,-82.6393,82.45,83,75,5.75,broken clouds
636,Vaitape,PF,-16.5167,-151.75,78.24,73,87,18.86,light rain
637,Bossangoa,CF,6.4926,17.4552,70.56,93,98,3.42,light rain
638,Telfs,AT,47.3,11.0667,63.88,92,86,2.37,overcast clouds
639,Asola,IT,45.2211,10.4136,75.99,43,29,7.96,scattered clouds
640,Mianyang,CN,31.4593,104.7542,76.71,88,79,2.62,broken clouds
641,Tuy Hoa,VN,13.0833,109.3,76.6,87,100,9.66,overcast clouds
642,Ambilobe,MG,-13.2,49.05,67.01,65,15,4.81,few clouds
643,Mariel,CU,22.9875,-82.7536,82.26,63,3,7.85,light rain
644,Alnashi,RU,56.1874,52.4792,63.7,88,99,1.86,overcast clouds
645,Kudahuvadhoo,MV,2.6708,72.8944,82.09,77,100,14.56,overcast clouds
646,Carutapera,BR,-1.195,-46.02,75.52,92,21,6.58,few clouds
647,Tiznit,MA,29.5833,-9.5,92.73,17,44,1.97,scattered clouds
648,Portage,US,41.1667,-81.1998,84.11,48,0,9.22,clear sky
649,Sao Luiz Gonzaga,BR,-28.4083,-54.9608,68.74,75,55,7.78,broken clouds
650,Esmeraldas,BR,-19.7625,-44.3139,75.31,45,3,5.44,clear sky
651,Mitu,CO,1.1983,-70.1733,77.59,94,62,2.33,heavy intensity rain
652,Mazatlan,MX,23.2167,-106.4167,92.01,72,11,4.0,few clouds
653,Banepa,NP,27.6298,85.5214,68.32,94,75,3.44,broken clouds
654,Manadhoo,MV,5.7667,73.3833,81.93,76,100,16.87,light rain
655,Glotovka,RU,53.9491,46.7042,61.54,92,96,1.54,overcast clouds
656,Linjiang,CN,41.8069,126.9078,64.51,97,100,1.5,overcast clouds
657,Hovd,MN,48.0056,91.6419,60.42,52,64,4.41,broken clouds
658,Gorin,RU,51.1983,136.6669,72.93,85,100,6.42,overcast clouds
659,Diffa,NE,13.3154,12.6113,88.36,42,76,6.87,light rain
660,Grand Gaube,MU,-20.0064,57.6608,68.4,71,63,5.01,broken clouds
661,Binabalian,PH,16.4202,119.9279,82.31,81,98,12.8,overcast clouds
662,Yeppoon,AU,-23.1333,150.7333,44.38,70,0,7.4,clear sky
663,Temirtau,KZ,50.0544,72.9483,57.42,90,59,9.64,broken clouds
664,Sohbatpur,PK,28.5202,68.5434,93.97,55,62,8.84,moderate rain
665,Muroto,JP,33.2833,134.15,78.4,89,2,4.9,clear sky
666,Nuevo Progreso,MX,23.1667,-97.95,94.53,48,12,4.0,few clouds
667,Kibre Mengist,ET,5.8833,38.9833,57.0,88,100,2.3,overcast clouds
668,Catazaja,MX,17.725,-92.0167,88.65,64,50,8.28,scattered clouds
669,Boa Vista,BR,2.8197,-60.6733,85.98,62,75,5.75,broken clouds
670,Rocha,UY,-34.4833,-54.3333,62.47,94,50,12.17,scattered clouds
671,Petropavlovsk-Kamchatskiy,RU,53.0452,158.6483,75.79,69,0,6.71,clear sky
672,Wufeng,CN,27.45,104.8333,59.63,95,5,7.05,clear sky
673,Harper,LR,4.375,-7.7169,75.63,78,63,9.75,broken clouds
674,Samfya,ZM,-11.3649,29.5565,63.07,52,78,6.55,broken clouds
675,Whitehorse,CA,60.7161,-135.0538,70.57,32,75,13.8,broken clouds
676,Talara,PE,-4.5772,-81.2719,72.36,68,0,18.41,clear sky
677,Villa Union,MX,23.2,-106.2333,92.01,70,14,11.16,few clouds
678,Isernia,IT,41.6002,14.2382,62.82,73,0,6.04,clear sky
679,Arona,ES,28.0996,-16.681,66.72,78,0,2.3,clear sky
680,Male,MV,4.1748,73.5089,82.35,89,75,12.66,broken clouds
681,Lakhdenpokhya,RU,61.5198,30.1992,55.99,97,81,4.92,broken clouds
